<?xml version="1.0" encoding="UTF-8" standalone="yes"?>
<manifest>
  <control namespace="ActivityTimeline" constructor="ActivityTimelineControl" version="0.0.1" display-name-key="ActivityTimelineControl" description-key="ActivityTimelineControl description" control-type="standard" api-version="1.3.16">
    <external-service-usage enabled="false"/>
    <data-set name="activityDataset" display-name-key="Dataset_Display_Key"/>
    <resources>
      <code path="bundle.js" order="1"/>
    </resources>
    <feature-usage/>
    <built-by name="pac" version="1.39.3"/>
  </control>
</manifest>